{"cameraMode":{"drawMode":0,"name":"Shaded","section":"Shading Mode"},"sceneLighting":true,"audioPlay":false,"sceneViewState":{"m_AlwaysRefresh":false,"showFog":true,"showSkybox":true,"showFlares":true,"showImageEffects":true,"showParticleSystems":true,"showVisualEffectGraphs":true,"m_FxEnabled":true},"in2DMode":false,"pivot":{"x":-90.33555603027344,"y":21.953834533691408,"z":308.53521728515627},"rotation":{"x":-0.08024588227272034,"y":0.9020484685897827,"z":-0.19278286397457124,"w":-0.37844565510749819},"size":2.6715359687805177,"orthographic":false}